-- --------------------------------------------------------
-- Host:                         127.0.0.1
-- Server version:               5.5.28 - MySQL Community Server (GPL)
-- Server OS:                    Win32
-- HeidiSQL version:             7.0.0.4053
-- Date/time:                    2017-04-09 23:52:33
-- --------------------------------------------------------

/*!40101 SET @OLD_CHARACTER_SET_CLIENT=@@CHARACTER_SET_CLIENT */;
/*!40101 SET NAMES utf8 */;
/*!40014 SET FOREIGN_KEY_CHECKS=0 */;

-- Dumping database structure for fabricetas
CREATE DATABASE IF NOT EXISTS `fabricetas` /*!40100 DEFAULT CHARACTER SET latin1 */;
USE `fabricetas`;


-- Dumping structure for table fabricetas.address
CREATE TABLE IF NOT EXISTS `address` (
  `ADDRESS_ID` int(11) NOT NULL AUTO_INCREMENT,
  `NAME` varchar(45) DEFAULT NULL,
  `USER_ID` int(11) DEFAULT NULL,
  PRIMARY KEY (`ADDRESS_ID`),
  KEY `USER_ID_IDX` (`USER_ID`),
  CONSTRAINT `USER_ID` FOREIGN KEY (`USER_ID`) REFERENCES `user` (`USER_ID`) ON DELETE NO ACTION ON UPDATE NO ACTION
) ENGINE=InnoDB AUTO_INCREMENT=4 DEFAULT CHARSET=utf8;

-- Dumping data for table fabricetas.address: ~3 rows (approximately)
/*!40000 ALTER TABLE `address` DISABLE KEYS */;
INSERT INTO `address` (`ADDRESS_ID`, `NAME`, `USER_ID`) VALUES
	(1, 'Dirección 11', 1),
	(2, 'Direccion 12', 1),
	(3, 'Direccion 21', 2);
/*!40000 ALTER TABLE `address` ENABLE KEYS */;


-- Dumping structure for table fabricetas.camiseta
CREATE TABLE IF NOT EXISTS `camiseta` (
  `CAMISETA_ID` int(11) NOT NULL AUTO_INCREMENT,
  `MATERIAL` varchar(45) DEFAULT NULL,
  `DESCRIPCION` varchar(45) DEFAULT NULL,
  `URL_CAMISETA` longblob,
  `VALOR` varchar(45) DEFAULT NULL,
  `NOMBRE` varchar(45) DEFAULT NULL,
  `COLOR` varchar(45) DEFAULT NULL,
  `TEXTO_ID` int(11) DEFAULT NULL,
  `USER_ID` int(11) DEFAULT NULL,
  PRIMARY KEY (`CAMISETA_ID`),
  KEY `CAMISETA_TEXTO_ID_IDX` (`TEXTO_ID`),
  KEY `CAMISETA_USER_ID_IDX` (`USER_ID`),
  CONSTRAINT `CAMISETA_TEXTO_ID` FOREIGN KEY (`TEXTO_ID`) REFERENCES `texto` (`TEXTO_ID`) ON DELETE NO ACTION ON UPDATE NO ACTION,
  CONSTRAINT `CAMISETA_USER_ID` FOREIGN KEY (`USER_ID`) REFERENCES `user` (`USER_ID`) ON DELETE NO ACTION ON UPDATE NO ACTION
) ENGINE=InnoDB AUTO_INCREMENT=20 DEFAULT CHARSET=utf8;

-- Dumping data for table fabricetas.camiseta: ~19 rows (approximately)
/*!40000 ALTER TABLE `camiseta` DISABLE KEYS */;
INSERT INTO `camiseta` (`CAMISETA_ID`, `MATERIAL`, `DESCRIPCION`, `URL_CAMISETA`, `VALOR`, `NOMBRE`, `COLOR`, `TEXTO_ID`, `USER_ID`) VALUES
	(1, 'Algodon', 'Camiseta Ligera', _binary 0x68747470733A2F2F6A6F6C6C796A6F6B65722E636F2F74736869727465636F6D6D657263652F2F75706C6F616465642F70726F64756374732F63616D69736574612D6375656C6C6F2D762F63616D69736574615F6375656C6C6F5F765F626C616E636F5F6672656E74652E706E67, '50000', 'Ligera', 'Azul', 1, 1),
	(2, 'Algodon', 'Camiseta Ligera', _binary 0x68747470733A2F2F6A6F6C6C796A6F6B65722E636F2F74736869727465636F6D6D657263652F2F75706C6F616465642F70726F64756374732F63616D69736574612D6375656C6C6F2D762F63616D69736574615F6375656C6C6F5F765F626C616E636F5F6672656E74652E706E67, '50000', 'Ligera1', 'Azul', 1, 1),
	(3, 'Algodon', 'Camiseta Ligera', _binary 0x68747470733A2F2F6A6F6C6C796A6F6B65722E636F2F74736869727465636F6D6D657263652F2F75706C6F616465642F70726F64756374732F63616D69736574612D6375656C6C6F2D762F63616D69736574615F6375656C6C6F5F765F6E6567726F5F6672656E74652E706E67, '50000', 'Ligera2', 'Azul', 1, 1),
	(4, 'Algodon', 'Camiseta Ligera', _binary 0x68747470733A2F2F6A6F6C6C796A6F6B65722E636F2F74736869727465636F6D6D657263652F2F75706C6F616465642F70726F64756374732F63616D69736574612D6375656C6C6F2D762F63616D69736574615F6375656C6C6F5F765F617A756C5F7265795F6672656E74652E706E67, '50000', 'Ligera3', 'Azul', 1, 2),
	(5, 'Algodon', 'Camiseta Ligera', _binary 0x68747470733A2F2F6A6F6C6C796A6F6B65722E636F2F74736869727465636F6D6D657263652F2F75706C6F616465642F70726F64756374732F63616D69736574612D6375656C6C6F2D762F63616D69736574615F6375656C6C6F5F765F617A756C5F7475727175695F6672656E74652E706E67, '50000', 'Ligera4', 'Azul', 1, 2),
	(6, 'Algodon', 'Camiseta Ligera', _binary 0x68747470733A2F2F6A6F6C6C796A6F6B65722E636F2F74736869727465636F6D6D657263652F2F75706C6F616465642F70726F64756374732F63616D69736574612D6375656C6C6F2D762F63616D69736574615F6375656C6C6F5F765F616D6172696C6C6F5F6672656E74652E706E67, '50000', 'Ligera5', 'Azul', 1, 2),
	(7, 'Algodon', 'Camiseta Ligera', _binary 0x68747470733A2F2F6A6F6C6C796A6F6B65722E636F2F74736869727465636F6D6D657263652F2F75706C6F616465642F70726F64756374732F63616D69736574612D6375656C6C6F2D762F63616D69736574615F6375656C6C6F5F765F76657264655F6B656C6C795F6672656E74652E706E67, '50000', 'Ligera6', 'Azul', 1, 2),
	(8, 'Algodon', 'Camiseta Ligera', _binary 0x68747470733A2F2F6A6F6C6C796A6F6B65722E636F2F74736869727465636F6D6D657263652F2F75706C6F616465642F70726F64756374732F63616D69736574612D6375656C6C6F2D762F63616D69736574615F6375656C6C6F5F765F726F6A6F5F6672656E74652E706E67, '50000', 'Ligera', 'Azul', 1, 1),
	(9, 'Algodon', 'Camiseta Ligera', _binary 0x68747470733A2F2F6A6F6C6C796A6F6B65722E636F2F74736869727465636F6D6D657263652F2F75706C6F616465642F70726F64756374732F626C7573612D65737175656C65746F2F626C7573615F65737175656C65746F5F626C616E636F5F6672656E74652E706E67, '50000', 'esqueleto1', 'Azul', 1, 2),
	(10, 'Algodon', 'Camiseta Ligera', _binary 0x68747470733A2F2F6A6F6C6C796A6F6B65722E636F2F74736869727465636F6D6D657263652F2F75706C6F616465642F70726F64756374732F626C7573612D65737175656C65746F2F626C7573615F65737175656C65746F5F76657264655F6A6164655F6672656E74652E706E67, '50000', 'esqueleto2', 'Azul', 1, 1),
	(11, 'Algodon', 'Camiseta Ligera', _binary 0x68747470733A2F2F6A6F6C6C796A6F6B65722E636F2F74736869727465636F6D6D657263652F2F75706C6F616465642F70726F64756374732F626C7573612D65737175656C65746F2F626C7573615F65737175656C65746F5F617A756C5F7475727175695F6672656E74652E706E67, '50000', 'esqueleto3', 'Azul', 1, 2),
	(12, 'Algodon', 'Camiseta Ligera', _binary 0x68747470733A2F2F6A6F6C6C796A6F6B65722E636F2F74736869727465636F6D6D657263652F2F75706C6F616465642F70726F64756374732F626C7573612D65737175656C65746F2F626C7573615F65737175656C65746F5F6E6567726F5F6672656E74652E706E67, '50000', 'esqueleto4', 'Azul', 1, 1),
	(13, 'Algodon', 'Camiseta Ligera', _binary 0x68747470733A2F2F6A6F6C6C796A6F6B65722E636F2F74736869727465636F6D6D657263652F2F75706C6F616465642F70726F64756374732F626C7573612D65737175656C65746F2F626C7573615F65737175656C65746F5F6675637369615F6672656E74652E706E67, '50000', 'esqueleto5', 'Azul', 1, 1),
	(14, 'Algodon', 'Camiseta Ligera', _binary 0x68747470733A2F2F6A6F6C6C796A6F6B65722E636F2F74736869727465636F6D6D657263652F2F75706C6F616465642F70726F64756374732F626C7573612D65737175656C65746F2F626C7573615F65737175656C65746F5F74757271756573615F6672656E74652E706E67, '50000', 'esqueleto6', 'Azul', 1, 1),
	(15, 'Algodon', 'Camiseta Ligera', _binary 0x68747470733A2F2F6A6F6C6C796A6F6B65722E636F2F74736869727465636F6D6D657263652F2F75706C6F616465642F70726F64756374732F626C7573612D65737175656C65746F2F626C7573615F65737175656C65746F5F616D6172696C6C6F5F6672656E74652E706E67, '50000', 'esqueleto7', 'Azul', 1, 1),
	(16, 'Algodon', 'Camiseta Ligera', _binary 0x68747470733A2F2F6A6F6C6C796A6F6B65722E636F2F74736869727465636F6D6D657263652F2F75706C6F616465642F70726F64756374732F626C7573612D65737175656C65746F2F626C7573615F65737175656C65746F5F726F6A6F5F6672656E74652E706E67, '50000', 'esqueleto8', 'Azul', 1, 1),
	(17, 'Algodon', 'Camiseta Ligera', _binary 0x68747470733A2F2F6A6F6C6C796A6F6B65722E636F2F74736869727465636F6D6D657263652F2F75706C6F616465642F70726F64756374732F626C7573612D65737175656C65746F2F626C7573615F65737175656C65746F5F6D656E74615F636C61726F5F6672656E74652E706E67, '50000', 'esqueleto9', 'Azul', 1, 1),
	(18, 'Algodon', 'Camiseta Ligera', _binary 0x68747470733A2F2F6A6F6C6C796A6F6B65722E636F2F74736869727465636F6D6D657263652F2F75706C6F616465642F70726F64756374732F626C7573612D65737175656C65746F2F626C7573615F65737175656C65746F5F636F72616C5F6F736375726F5F6672656E74652E706E67, '50000', 'esqueleto10', 'Azul', 1, 1),
	(19, 'Algodon', 'Camiseta Ligera', _binary 0x68747470733A2F2F6A6F6C6C796A6F6B65722E636F2F74736869727465636F6D6D657263652F2F75706C6F616465642F70726F64756374732F626C7573612D65737175656C65746F2F626C7573615F65737175656C65746F5F677269735F6A617370655F6672656E74652E706E67, '50000', 'esqueleto11', 'Azul', 1, 1);
/*!40000 ALTER TABLE `camiseta` ENABLE KEYS */;


-- Dumping structure for table fabricetas.estampa
CREATE TABLE IF NOT EXISTS `estampa` (
  `ESTAMPA_ID` int(11) NOT NULL AUTO_INCREMENT,
  `NOMBRE` varchar(45) DEFAULT NULL,
  `DESCRIPCION` varchar(45) DEFAULT NULL,
  `URL_ESTAMPA` longblob,
  `RATING` varchar(45) DEFAULT NULL,
  `PRECIO` varchar(45) DEFAULT NULL,
  `USER_ID` int(11) DEFAULT NULL,
  `CAMISETA_ID` int(11) DEFAULT NULL,
  `TEMA_ID` int(11) DEFAULT NULL,
  PRIMARY KEY (`ESTAMPA_ID`),
  KEY `ESTAMPA_USER_ID_IDX` (`USER_ID`),
  KEY `ESTAMPA_CAMISETA_ID_IDX` (`CAMISETA_ID`),
  KEY `ESTAMPA_TEMA_ID_IDX` (`TEMA_ID`),
  CONSTRAINT `ESTAMPACAMISETA_ID` FOREIGN KEY (`CAMISETA_ID`) REFERENCES `camiseta` (`CAMISETA_ID`) ON DELETE NO ACTION ON UPDATE NO ACTION,
  CONSTRAINT `ESTAMPATEMA_ID` FOREIGN KEY (`TEMA_ID`) REFERENCES `tema` (`TEMA_ID`) ON DELETE NO ACTION ON UPDATE NO ACTION,
  CONSTRAINT `ESTAMPA_USER_ID` FOREIGN KEY (`USER_ID`) REFERENCES `user` (`USER_ID`) ON DELETE NO ACTION ON UPDATE NO ACTION
) ENGINE=InnoDB AUTO_INCREMENT=19 DEFAULT CHARSET=utf8;

-- Dumping data for table fabricetas.estampa: ~18 rows (approximately)
/*!40000 ALTER TABLE `estampa` DISABLE KEYS */;
INSERT INTO `estampa` (`ESTAMPA_ID`, `NOMBRE`, `DESCRIPCION`, `URL_ESTAMPA`, `RATING`, `PRECIO`, `USER_ID`, `CAMISETA_ID`, `TEMA_ID`) VALUES
	(1, 'Estampa 1', 'Descripcion Estampa 1', _binary 0x68747470733A2F2F6A6F6C6C796A6F6B65722E636F2F74736869727465636F6D6D657263652F75706C6F616465642F636C6970617274732F3531342F7072696E742F64672D64657369676E65722D35633632383762653134373839323335313635383335383138333431303331313933372E737667, '5', '2000', 3, 1, 1),
	(2, 'Estampa 1', 'Descripcion Estampa 1', _binary 0x68747470733A2F2F6A6F6C6C796A6F6B65722E636F2F74736869727465636F6D6D657263652F75706C6F616465642F636C6970617274732F3531342F7072696E742F64672D64657369676E65722D35633632383762653134373839323335313635383335383138333431303331313933372E737667, '5', '2000', 3, 1, 1),
	(3, 'Estampa 2', 'Descripcion Estampa 2', _binary 0x68747470733A2F2F6A6F6C6C796A6F6B65722E636F2F74736869727465636F6D6D657263652F75706C6F616465642F636C6970617274732F3531342F7072696E742F64672D64657369676E65722D33356131326334333134373839323335323837323432333438353531303736333636382E737667, '5', '2000', 5, 2, 1),
	(4, 'Estampa 3', 'Descripcion Estampa 3', _binary 0x68747470733A2F2F6A6F6C6C796A6F6B65722E636F2F74736869727465636F6D6D657263652F75706C6F616465642F636C6970617274732F3531342F7072696E742F64672D64657369676E65722D666434356336346531343738393233353034313735303736393137313039383234302E737667, '5', '2000', 5, 3, 1),
	(5, 'Estampa 4', 'Descripcion Estampa 4', _binary 0x68747470733A2F2F6A6F6C6C796A6F6B65722E636F2F74736869727465636F6D6D657263652F75706C6F616465642F636C6970617274732F3531342F7072696E742F64672D64657369676E65722D35343461346635393134373839323334393534313631363332333831313037323137352E737667, '5', '3000', 5, 4, 1),
	(6, 'Estampa 5', 'Descripcion Estampa 5', _binary 0x68747470733A2F2F6A6F6C6C796A6F6B65722E636F2F74736869727465636F6D6D657263652F75706C6F616465642F636C6970617274732F3531342F7072696E742F64672D64657369676E65722D31613737626566633134373839323333383332393239373339393531303133333434322E737667, '5', '25000', 3, 5, 1),
	(7, 'Estampa 6', 'Descripcion Estampa 6', _binary 0x68747470733A2F2F6A6F6C6C796A6F6B65722E636F2F74736869727465636F6D6D657263652F75706C6F616465642F636C6970617274732F3531342F7072696E742F64672D64657369676E65722D31633230386565383134373839323333393934383131363635363231303637373336362E737667, '5', '2400', 3, 6, 2),
	(8, 'Estampa 7', 'Descripcion Estampa 7', _binary 0x68747470733A2F2F6A6F6C6C796A6F6B65722E636F2F74736869727465636F6D6D657263652F75706C6F616465642F636C6970617274732F3531392F7072696E742F64672D64657369676E65722D34353563623236353134373839323538333839333137383331353631313037353735322E737667, '5', '2200', 5, 7, 2),
	(9, 'Estampa 8', 'Descripcion Estampa 8', _binary 0x68747470733A2F2F6A6F6C6C796A6F6B65722E636F2F74736869727465636F6D6D657263652F75706C6F616465642F636C6970617274732F3531392F7072696E742F64672D64657369676E65722D66363535653866393134373839323538303939393536393634333931303132333835392E737667, '5', '2200', 5, 8, 2),
	(10, 'Estampa 9', 'Descripcion Estampa 9', _binary 0x68747470733A2F2F6A6F6C6C796A6F6B65722E636F2F74736869727465636F6D6D657263652F75706C6F616465642F636C6970617274732F3532312F7072696E742F64672D64657369676E65722D35303938326662323134373839323633303538343235333336383031303433353537312E737667, '5', '2200', 5, 9, 2),
	(11, 'Estampa 10', 'Descripcion Estampa 10', _binary 0x68747470733A2F2F6A6F6C6C796A6F6B65722E636F2F74736869727465636F6D6D657263652F75706C6F616465642F636C6970617274732F3532312F7072696E742F64672D64657369676E65722D66636431316461303134373839323633313533303032343232313431303133333630322E737667, '5', '6000', 5, 10, 1),
	(12, 'Estampa 11', 'Descripcion Estampa 11', _binary 0x68747470733A2F2F6A6F6C6C796A6F6B65722E636F2F74736869727465636F6D6D657263652F75706C6F616465642F636C6970617274732F3532312F7072696E742F64672D64657369676E65722D61396662396536653134373839323631313634363639323736343231303732353533302E737667, '5', '6000', 3, 11, 1),
	(13, 'Estampa 12', 'Descripcion Estampa 12', _binary 0x68747470733A2F2F6A6F6C6C796A6F6B65722E636F2F74736869727465636F6D6D657263652F75706C6F616465642F636C6970617274732F3532312F7072696E742F64672D64657369676E65722D34636463663138623134373839323633353039373930323335333431303837383636372E737667, '5', '8000', 3, 12, 3),
	(14, 'Estampa 13', 'Descripcion Estampa 13', _binary 0x68747470733A2F2F6A6F6C6C796A6F6B65722E636F2F74736869727465636F6D6D657263652F75706C6F616465642F636C6970617274732F3532342F7072696E742F64672D64657369676E65722D62383730333937303134373839323637393437353737393536393231313036333539322E737667, '5', '8000', 3, 13, 3),
	(15, 'Estampa 14', 'Descripcion Estampa 14', _binary 0x68747470733A2F2F6A6F6C6C796A6F6B65722E636F2F74736869727465636F6D6D657263652F75706C6F616465642F636C6970617274732F3532352F7072696E742F64672D64657369676E65722D63313237303661373134373839323638323434373831333138333231303836353430392E737667, '5', '2000', 3, 15, 3),
	(16, 'Estampa 15', 'Descripcion Estampa 15', _binary 0x68747470733A2F2F6A6F6C6C796A6F6B65722E636F2F74736869727465636F6D6D657263652F75706C6F616465642F636C6970617274732F3532352F7072696E742F64672D64657369676E65722D37393430616234373134373839323639333439313931353733393031303034393535372E737667, '5', '2000', 3, 15, 3),
	(17, 'Estampa 16', 'Descripcion Estampa 16', _binary 0x68747470733A2F2F6A6F6C6C796A6F6B65722E636F2F74736869727465636F6D6D657263652F75706C6F616465642F636C6970617274732F3532322F7072696E742F64672D64657369676E65722D66623036353066663134373839323634323036373038313839383931303635373130312E737667, '5', '2000', 5, 16, 3),
	(18, 'Estampa 17', 'Descripcion Estampa 17', _binary 0x68747470733A2F2F6A6F6C6C796A6F6B65722E636F2F74736869727465636F6D6D657263652F75706C6F616465642F636C6970617274732F3532322F7072696E742F64672D64657369676E65722D63393530636465393134373839323634333737323434363033363131303431333136332E737667, '5', '2000', 5, 17, 3);
/*!40000 ALTER TABLE `estampa` ENABLE KEYS */;


-- Dumping structure for table fabricetas.factura
CREATE TABLE IF NOT EXISTS `factura` (
  `FACTURA_ID` int(11) NOT NULL AUTO_INCREMENT,
  `NUMBER` varchar(45) DEFAULT NULL,
  `DATE` date DEFAULT NULL,
  `ITEM_PRICE` varchar(45) DEFAULT NULL,
  `TOTAL_PRICE` varchar(45) DEFAULT NULL,
  `CAMISETA_ID` int(11) DEFAULT NULL,
  `TEMA_ID` int(11) DEFAULT NULL,
  `ESTAMPA_ID` int(11) DEFAULT NULL,
  PRIMARY KEY (`FACTURA_ID`),
  KEY `FACTURA_CAMISETA_ID_FK_IDX` (`CAMISETA_ID`),
  KEY `FACTURA_TEMA_ID_FK_IDX` (`TEMA_ID`),
  KEY `FACTURA_ESTAMPA_ID_FK_IDX` (`ESTAMPA_ID`),
  CONSTRAINT `FACTURA_CAMISETA_ID_FK` FOREIGN KEY (`CAMISETA_ID`) REFERENCES `camiseta` (`CAMISETA_ID`) ON DELETE NO ACTION ON UPDATE NO ACTION,
  CONSTRAINT `FACTURA_ESTAMPA_ID_FK` FOREIGN KEY (`ESTAMPA_ID`) REFERENCES `estampa` (`ESTAMPA_ID`) ON DELETE NO ACTION ON UPDATE NO ACTION,
  CONSTRAINT `FACTURA_TEMA_ID_FK` FOREIGN KEY (`TEMA_ID`) REFERENCES `tema` (`TEMA_ID`) ON DELETE NO ACTION ON UPDATE NO ACTION
) ENGINE=InnoDB AUTO_INCREMENT=11 DEFAULT CHARSET=utf8;

-- Dumping data for table fabricetas.factura: ~8 rows (approximately)
/*!40000 ALTER TABLE `factura` DISABLE KEYS */;
INSERT INTO `factura` (`FACTURA_ID`, `NUMBER`, `DATE`, `ITEM_PRICE`, `TOTAL_PRICE`, `CAMISETA_ID`, `TEMA_ID`, `ESTAMPA_ID`) VALUES
	(3, '00001', '2017-03-03', '5000', '14000', 1, NULL, NULL),
	(4, '00001', '2017-03-03', '5000', '14000', 1, NULL, NULL),
	(5, '00001', '2017-03-03', '2000', '14000', NULL, NULL, 1),
	(6, '00001', '2017-03-03', '2000', '14000', NULL, NULL, 1),
	(7, '00002', '2017-01-03', '2000', '14000', NULL, NULL, 2),
	(8, '00002', '2017-01-03', '2000', '14000', NULL, NULL, 2),
	(9, '00003', '2017-04-03', '2000', '14000', NULL, NULL, 3),
	(10, '00003', '2017-04-03', '2000', '14000', NULL, NULL, 3);
/*!40000 ALTER TABLE `factura` ENABLE KEYS */;


-- Dumping structure for table fabricetas.file
CREATE TABLE IF NOT EXISTS `file` (
  `FILE_ID` int(11) NOT NULL AUTO_INCREMENT,
  `CONTENT` longblob,
  `DESCRIPTION` varchar(150) DEFAULT NULL,
  `NAME` varchar(100) DEFAULT NULL,
  `PATH` varchar(45) DEFAULT NULL,
  `TYPE` varchar(45) DEFAULT NULL,
  `USER_ID` int(11) DEFAULT NULL,
  `CAMISETA_ID` int(11) DEFAULT NULL,
  `ESTAMPA_ID` int(11) DEFAULT NULL,
  `TEMA_ID` int(11) DEFAULT NULL,
  PRIMARY KEY (`FILE_ID`),
  KEY `FILE_USER_ID_FX_IDX` (`USER_ID`),
  KEY `FILE_CAMISETA_ID_FK_IDX` (`CAMISETA_ID`),
  KEY `FILE_ESTAMPA_ID_FK_IDX` (`ESTAMPA_ID`),
  KEY `FILE_TEMA_ID_FK_IDX` (`TEMA_ID`),
  CONSTRAINT `FILE_CAMISETA_ID_FK` FOREIGN KEY (`CAMISETA_ID`) REFERENCES `camiseta` (`CAMISETA_ID`) ON DELETE CASCADE ON UPDATE CASCADE,
  CONSTRAINT `FILE_ESTAMPA_ID_FK` FOREIGN KEY (`ESTAMPA_ID`) REFERENCES `estampa` (`ESTAMPA_ID`) ON DELETE CASCADE ON UPDATE CASCADE,
  CONSTRAINT `FILE_TEMA_ID_FK` FOREIGN KEY (`TEMA_ID`) REFERENCES `tema` (`TEMA_ID`) ON DELETE CASCADE ON UPDATE CASCADE,
  CONSTRAINT `FILE_USER_ID_FX` FOREIGN KEY (`USER_ID`) REFERENCES `user` (`USER_ID`) ON DELETE CASCADE ON UPDATE CASCADE
) ENGINE=InnoDB AUTO_INCREMENT=20 DEFAULT CHARSET=utf8;

-- Dumping data for table fabricetas.file: ~5 rows (approximately)
/*!40000 ALTER TABLE `file` DISABLE KEYS */;
INSERT INTO `file` (`FILE_ID`, `CONTENT`, `DESCRIPTION`, `NAME`, `PATH`, `TYPE`, `USER_ID`, `CAMISETA_ID`, `ESTAMPA_ID`, `TEMA_ID`) VALUES
	(17, _binary 0xE280B0504E470D0A1A0A0000000D49484452000000C3890000007808030000006FC5BD26C3A7000000C3AD504C5445C3BFC3BFC3BF387B2CC382C38D22347927267315C382C396C2BF3278252974192E7620C2B7C38DC2B43B7E2FC5A1C2BAE280A2C2B0C389C2AC48E280A03CC2A6C384C2A1357929C5BDC2B4E280A1C39CC3A7C39AC3A4C3ACC3A2176E005BC29052C3B1C3B6C3B0C397C3A5C394C3BBC3BCC3B2C380C38B0FC393C39B65C39BC3A1E2809931782CC3B5C3B8C3B4C388C39121C3ADC3B2C3ACC2A8C382C2A3C387C397C38574C2A26CE28094C2B326C2B7C3872352E280B0492B752D63E280935BC3BAC3BBC3AA43C2813852C5BD477BC2A375C3A5C3AAC2A874C5B86E66E2809D5FE280A2C2B2E28098E280A0C2AC7FC387C39138C592C2AC26C2A5C2BB25C38EC3975BC3B2C3B4C3924CE280A02B6BE28094296AC29D61E280BAC2B6E28094CB86C2AFC281C592C2ADE280A151CB8648C395C39D76C3ACC3AFC2BA3FC2812BC389C3934259C5BD2AC2ADC3812376C5BE28C3B3C3B5C399C39DC3A4C28D71C5A129C3A5C3A9C2B0C392C39A5FC3ACC3B0C384C38EC3985077C2A0134CCB861CC692C2A864C2B1C38779C39DC3A3C5BDC38D42C394C39C00000A4E4944415478C593C3ADC5A10D7BC5A13A1BC387C38140CB86085211C2AC4EC3A445C29D15C2ABC395766D6D5DC3A7C39AC2ADC39B69C5B8E28094C3B3C3BD3FC38EE2809CC290C3B06E576C3DE2809C731EC3BFC397C2B56B0820C2B97F49C3AE3B774239C3AEC2A0C6920E3AC3A8C2A0C692C3BE1F74C2B26F0376C2A6C38EC393C2BE2DC398E280984EC39B1FC3B66DC3826EC3B4C2B468C39FC3ADC39BE280A0C29DC3A8C2A957C2A97CC3BA27780A01C2A97CC2BDC39CC2B719C3AFC397C38F45E280A6C3A8C38BC2BEC3AD78C2AFC2ACC387E282ACC2A3C392C3BEC2B96F4BC39E27C3ABC2B2C3976624C28FC387C3BB36C3A61DC2B22E1F190726C3A9C3BCC28D5DC3BEC3A96E11C28160E28094C3BFC2BE6F7BC39EC2A8C3A3C3934EE2809903C2ABC3BC24C387582758C387C2A14E4E2E1FC2BFC2B6C39B69C5BD4AC2BBC3A461C3B8C3A4C3A9C3A763C2A7C3B375C281C3B547E280A1C3AAC28F452F4B11C290E2809D3A0D0A3FC3BDC399C2A9C2B4C2A3C39E6F33C3A529E2809AC2A7C2A7C3BBC2B6C3B665C29D604F78C381C3AC4D24C28FC3BBC2B6C3B7251D7FC39802C692C29074C3B66DC3B10D0A3AC2BE2BC38AC3913B2F354971C290C38AC383792FC3B8C3BF79C39F366FC3941620E280A21F0FC3B4C3BFE280A6C2B56FC2AB37C3A9C2B43848C3BFC2BA5262E28099C38B4561C290C3817DC2BFC38C24C385C3A756C3AFC387C3BDE282AC5D7EC39DC2B7C3951B74521CC2A4C39F3D67E28094C2A5C5925DC385E280A1C2A4C39F0DC2BDC2A4C59324E280A6C2BDC2A4C2BFC3A61F22E2809912C2AEC3B1C39F0D0A72C3B4C3BAC3ABC28F6C2DC2A9E2809D33C3AFC3BA5210C3A4E2809AC3BF781DC3BF2C6356C3BFC2A118C389C2B76E37C5A05B4425C39C693D1670C3B8C39EC383C28F6EC3B7C3AAC2A217C39F792EC3A13EC2BE08C389C38555C2B7C2BBC2BE48C39C28C3A5C399C38AC3A9C2AB0332C3B8C2B6C3AE76C3B92448291DC3BE55C28F1FC3B4C3975D3E3DC2B54A7AC5A17AC3BC0AC387C3BD47C5BEC3AFC39EC2A746C2A452C392C2B3C3BAC3A75FC38CC2ABC3B37BC2B94B401E324FC38AC3B925C3A8C38B66E28094C3AFC3B51EC2BE5D110EC2BCC5BD0D0A32C38FC38AC2B9C38DC3A2C2B84E0E6530185CC3BC587F2418C39845C3BAC2BDC38CC3A3322EE280B9C281C2BE3FC2B77B58C398C3BEE280A1E280A1E280B9E280B97EC3BFC3BCC39BC3B5154F31C3B8C2AE7CC3BDC2900329C2A7E28094105D7EC3AAC5B863C3B3C2AFC3AFC3AFC2AFC2AEC396CB9CC2A14B2908C3887D3F3BC2B32AC3ADE280997EC39072C3AB0D1CC2BFE2809312C39F4D0030C592C28FC3AB3C47C2A5C2BD28C3A5C39C7205416A4E4DC5BD1BC3810D0A4557C2BEC2BAC3AEC3B7C2B213E280B9E282ACE2809D30C3A3C3A2385B05C3986AC2A9E280A0E280985002C2A2C38B5F5D7F3BC38F0F4730C2B54A39225C3D182060C3A85CC383C397C398C592E28099C3AF7FC593C3B72F06E280A2C3BC7060C5BDC38AC5B8C3A5C3B411C2AE464954C29DC3930D082042C3BFC3BEC397C385605069C2B73762C2B4C39BC29D52C38E2C222520C281784C5A4836C3BEC3B3C39FC2BBC387C393C387C2BBC2BBC2BBC38EC2A7C3A7C2AFE280B945253EC2AFC3870D0AC38EC3A2C2B9735AC392C3B12032E280A1C3983D34C3A4C3A0C391E284A257E2809C76C5BEC5935C3E7D393DC3BD10C3AAC3B4C3A753E280B031CB865A23C2A1C2B9C2AEE284A2C5932DE28093C3B1206E2BE284A2C2B66DC3BFC3AD210E3AC3A81F2BC2BB55C3B37CC39FC3B76E45C39DC592C3AFC5A04BC3BFC2B6452F2D5DC3B1C3BCC3B5C39A5FC396C3B4C2B427C2BB5E58C38674C28F7CC3BFC2B611E2809DC2AE2EC395C5A11D17C390592BC3AEC391C392C3B7E2809447C3950DC391C3806AC394466AC2B329C3B8472EC2B3C2A031C3B10D67C38BC2B0C2A1C397C3BC26E2809A00C3A0C3A5584023C2A7C385C2AA3B080124E280B9C28139732041C2A069C2A4C38452C2B1C3A3C2AA0AC38465202E63E280B0E280A0E282AC0040CB86C2A0C39404082423E282AC72C5A1C3B85275E280B065355520C2ADC3A057C388C2B556C39A0253C3B4042020C290C38C0620C381C2A812035A43200061C2B515CB866248204E5771C2BB2BC3923067C38BC3A42E54C2B1E280A2C5BDC592C2B4C2A800445331C3AAC692715066C388C3A97344C3935EC3A461E280BA03E280BAC3901C1BC394C3BA4C0A20C59317C3A356C2A27700C3A42B490D0A5A53C29048C5A1215AC3A141C59348C3A4C2BAC3A96E015207E284A2C3945B43C3A33A4752C3B3C3A05753C2B756504B1540C3A3C3900E5A46C3A35B5E584453C383C2BC4BC383791757E280A25932594DC2B702E282AC135BC3A0C5BD51C2AA010DC5BD74C38E0F7A57C2AA6F3122C3915BC3A2C2B7010D77E280A6484904712EC3B01901C2A1C3862A4BC3B4E280A02745567C4E66C290C592441BC39DC38AC3A9C38EC3A035C2B91A5A2042C38067E2809E54C29D66C3915BC290C3A833C39A574042C2B224453DC3AB44247042C3B71800C3827868423B42E28099C3981469C2BEC281E2809E1F6741C3B07B672C0EC2B86A345A1AC38EE280BA69236839C39CE28093C2A44A5F0347C5A0C3ABC2BAC38E04C2B2C3895CC28D48C3B8C2A000E280997CC38FC3B354213419C5921B49E28099C3883CC381C39737E28098C2B0E280A13836C385C38E026967CB9CC2A37037C2A62020C3AAC2B4565BC38A4111402B1627C2B1C3A6CB86763C0D7D38C398C2AA02E2809EC392C398C5A049021B6E1BC2A665E284A2C2A6C2A80AC38C12C3A2C39919122835695CC39B480205C2AF6AC39B0D470D59C3A032CB86E2809835C3B60A4D5245C39C0667C3AA5514C3AF34E280B9E2809CC39806C3A9654D4EC2AC22C5A037E280BAE2809CC5B83120C39969E2809E72C3827922E280B069120D18611CC39844E2809A660DC3B6C2B43E66032B116AC2BBC389C2AAC3B3C2B5C398E2809E390847C2AE38E280B01E6CC2B9C2B5C3B1E280A047112020E280B0C2A1C2B1C2AAC2ACC383C3A02445C2A2C381E280BAC2A8C3940612C3A8C3876B5CC28DE284A229C2B8C3A4077B1D4AC38432C38E3A7A2B2020C38FC2B7C3B2C28F4212603452C3B7C39974C390E280A0C2AD24E280B0C290C2B0244FC2A2C3896EC3BCC398344064C2A5C385C2AEC3A964C28DE280B94CC3A1C3962434C39869461E251A13275BE280A6364EC382574422C38D137945C5BE044EE2809C69071B0774E2809EC397C38431C3AD7D414F37C39262C3B3C2AB38E280B0C3A9C2B1202C2CC39D4CC5BDC38348E282ACE28098C2ADC383C3A6173AE280B949C3A028E28098C3816C20E28098C2AAC38917C2B4E2809ECB86C384C391C2A2C38BC2B4CB9C5D5B446125C592135018396EC2B26744C3A1E280A6461A34C394E2809C7817C2AD27C2A9C3A423C2BF3226271756337AC3B319C3ABE280A2C3B4732EC38A30C2B6206918C391C2BA0424797416C2A554C3B11AC5B8C2AD62C393C3BE2229052301466A72C3A449C394C3B4C3A4C28D49C3A82200C394C2B42B6259C392C2B624C593CB86C3A2051AC2AFC2B1C3A351C398C2BDC592C2A4E284A24FC2AC57C2B4C3B9CB9C24CB8663C2BF20C38906C28DCB86E2809E79367955E2809344C39D76C28D27C3B95B3241C394C2A010C3A4C3A03149C2BEC38659C5BDC2A4E280937AC2BE131263C3AB0D0A123BC3A04446C3891C0EC38AC38EE280932420C3A5C390C3BB23C381C2BBC2BD39C38E5112C3A32229201233573E37C2BBC2B4C2B41B1427C2B15F26C3993A1766C3B56CC2BC6913C2A2E28098203CC3B065C28FC28FE280BAC2A7241AC5B836C2A4382020C3AB142DC3AFC3B1C39CC396C2B12B21716EC3886C64C390C3AA1751C2B845C2BBE280B9C3AC2043E280994C1650C593E2809E45C3A120714949C3993E7625652B533A2C706A472BC3A3303BC2BDC39812E2809E6EC2B8C3B7E2809C2874C3A544C3A9C3A0C38745C39FC290C39E4AE2809A59C3A6206C3AC38A56E2809D741173CB9CC38D56C39E4112662B2833C2BDC39C305F7E33205E29413010C2AD38C6921C6EC38C20C692C39BC3AF26C3A1C398C3820D0AE28094C2A902C3B66CC3AB0D0AC392C3B5542FC3950A7D073062121EC2A6C3BC51611B0A34C3A77641C2A2C2B0565032C387C2B42751665AE2809D44C387C3B10AC28DC29D443BC3B458E280A16CC2B2133B2D3F3C02C3A36C273CC2B840C2ADC29DC2905832087B262AC393C5A145E280BAE280A6C3822447C384793564C39CE2809E0D0AE2809A4E5DC5BE747872C3B7C2ABC2AE44E28099C3AC367044081B0EC2A6C383C3BB49C2A241C3A1E28098C3A1C290C3A347C39D3D53C39FC2B0C3BBC3B5681D08C395C3995C115BC395C39BC38FC3945050C28F49E2809AC3B301383666C2B3C399C2900FC3974F20C3A93B2231C2BDC3906E0055C39CC388C290264FC3A11EC2BB2849C394211A40E280992048C3ACC3AC0D0AE280993D2023C391C2A84F6AC2A95322C380C392C3B41DC29024C2B371C392CB8646C2B70D0AC386C2B63BC2AD69C3BEC394C592642B624C22E280B01EC38A160063E2809368C3ADE2809AE2809E6B19C2B906C29051652B636620207859E28093C3A2C2A3C3ACC2A1C5A1E280A0E2809919C2A4C390C392C2A7E284A2E28093C3A03AC38C18C39969C2AAE2809336C2B4C5BE3F4D4D17C388640F0D23736C26C38D1A75E280B0C2B55EE2809D0447C2A3234160434A075862C3A7E280B91120671E35C3A3C2A1C38369C2BF1FC2BD5E5F07E280984E4EC2BF520D0A3A07792639600D0A4EC2B86776C2AAC38032C3A8C5A1C3B8C3B45AC5B8C3A3181AC5A100C2A030C2B1397652C2B12113C3BFE280A2E2809DC3A95026C3A7CB9CC3B81F180FC3AB2CC3A2C386247802782A2F0505C2B4C3B12CE284A25256C38708C2A1C2B1E280BA79C3A12D40481A06C2BC351E41C389C38F14C2B00DC3925CC3B210C2A33119C38AC39402C3B9C3B30D0AE280941659C3A4C3891D22C2BCC2A646C395C2B9E284A24F26E2809C3347C5927A2F49E2809A59E2809D33C3BC7CC2B2723246C2B9C2ABC389597E065457C39330C2B0C3A3C38B7C01C3BD663251583E6736E2809AC2A9C2A7576F56E2809CC389C3BC4C21E280A6C3B530C3AD72C2B235E280B9C38832C38DC39446374D42C5A1C384C39A506FC393C2BDC394C39DC28D05C2ACC2B02D77621867C28DC2B0057A5767272BC5A1C593C38FC3B6C39FC2A01CC3895F231941003FC38FE2809CC2AD28C38330C3ABC5A1C3AFC3A4C2A3C3BEC3AF21C2A9C393C3A8E280A1046159C2AFC39AC2B6C39D506EC3A5C3B0131BC3B077C393C3B6C3AF21E280B0C38F6321E28099C5A1C3A4C2B344C3A2C38B54C3B5C3B5C3BA45C3B47B48C3B426C3BFE2809A34C2A1C3B67AC3B542C3BA4D7EC3A23425C2B8E280B00320206FC5A05BE280BAC2A433E28099C38DC2B16977326BE280A0C59232C39F6401E28099C2A73B205BC2812CC3B2195423C39F0DC3BF6AE284A2C38A6A240D0ACB8664C28FC381277F20201AC2ABC39CE280B0C38E7BC2A4C38FC2A5C2A6C2BCC2B25F2FC2B803355CC2BCE2809A2E552CC383E280BA3BC3AEC3AEC386C692C38AC3BAC2AD7FC2A56559C3A4C2AFC3826CC3933AC3BC61C39841071D74C39041071D74C39041071DC3B4C2B7C391C3BF0017C2B9C3AA0A48C3A0C2B3700000000049454E44C2AE4260E2809A, '4', '4.png', NULL, 'image/png', NULL, 1, NULL, NULL),
	(18, _binary 0xE280B0504E470D0A1A0A0000000D4948445200000119000000580803000000C3B6C2BD7358000000C290504C5445C3BFC3BFC3BF6DC2B33F6BC2B23C69C2B13967C2B035C3BBC3BDC3B8C2B0C396CB9C66C2B033C3B1C3B7C3AD6DC2B43CE280A6C2BE62C2ACC393E280A2E282ACC2BC5C70C2B54064C2AF2FC3B7C3BBC3B5C394C3A7C389C3A7C3B3C39FC692C2BE5AC39DC3ABC395C2A1C38BC5A074C2B74AC38FC3A6C382C380C39EC2AD7CC2BB5361C2AE29C3AFC3B7C3AAC39CC3ACC392C388C3A2C2B978C2B94DC3ABC3B5C3A4C2BBC39AC2A9E28099C38572C5A1C38A7CC2A2C38EE280A0E28099C38573C38BC3A3C2BCC2B3C396C2A0C5BEC38CC281C5BDC3846BC2B7C399C2A4C2B4C398C593C2BFC39CC2B0C398C3A9C38DC2A7C38FC290C2A6C391E280B9E2809EC2BD61C384C39EC2B748C5A16E2100000E324944415478C593C3AD5C697BC2A32A14C2AEE282ACC3857D4B356E317B4C4C32C3B7C3BFC3BFC2BBC2AB020A4A4CC39BC39B6BC3A7E284A2C38EC3B9C392340A1C5EC38E0EC3A4C3A5C3A52FC3BD2C2AC2BCC3AA1FC2AFC3B86E2E7E435A1B3A766CC3A3E28093C3BF0547C2A40D0AE2809A4A4D00C399C3B166C2A97D3737C2BF11450A502801CB86C29DC3A0C3ACC3BF45E280A1C3901B54780218E280A2C3A7C2BF46C2A726C39F00C38AE282AC20C2B2C38B5BC5BE7E3767C39F4DE280983E04C2A605072AC2AB4DC3B5C2A3C3954A35E280980D0A196A74C2ACC3B5C38F353AC5A1355226C381C3A8C3A8C3A531C3BAE284A27AC2B5C38013C380C2B47AE280A6C383C3B22DC3BFC281E28099C3B350E284A278C2B5E2809A4A58C3BE38C2A3134E29E2809C6874C38AC3A5C3A21BC3B5C38A5FC2A8C3B3C5BDE28094C2BC0D0A18C2AA577679C3BE26C2A3C3A36F2D6BC3AFC38D39C3A2C3A5E284A2E284A219E2809A131AC2BBC6923B27E280A12DC2A5180200C3AD68C38621C38761C39E33C2B56AC2AC4EC2B9C394C3A615C3AD536B0D5139C39FC5A164C3AF3433037420C386E280BA2AE280BA4FC2AF54C692C3A4C2BCC3B67C5E60C3BD19605AE2809AC5BDC2BDC5B82FC392E284A21D197507C5B82130253928C3BCC2B5E280B96651C2ABE280B9C393C592CB8676C2B3C3A9C3B022C3B8C2B4C38C10706AC2BD42C3B719E2809DC39F2D31E2809EC388C3B0C3BFC3BFE28098281DC3BEC692C38874C3A4E2809D33C3A854C2BAC39EE28094C387C3B9E282AC716FC38F03C3A0771034C3A7107277C38E5821C28DC2A932C395C5BEC3B83FC2A815CB861733323D0D0A790EE284A2E284A262C5934EE28093C3B2796CC5933923C2B059CB86C3844FC5A05DC395E2809AC5A1C39E1E08442D4FC38F040A57C39F3DE2809CC2AF26C2BBC29D313EC2B6C3BFC2B8C2A7E280983906C3907142C2A3C39CE2809D3172C390043AC3B84FE2809CE284A2C59228E2809C4EC383C2A768080D0AC2B2C2B7C2B9C3A612C38A5EC692E280A1C2A2035619C397C2ABC5A1C3BAC3B9C3917C3DC3A7E280B954CB86C38BC5A0C38AC3AC4BC38BC5A15FC39DC3B7E280BAC393252AE280A076C3955FC5A1C2AC18C3A416C391C3A53522C3BFC2A8C399C3B9E28099C39177C3956C7D5CC2B0765A11C29D2FE28094C2B35748C69240355DC2AC4FC2A551C5BEE28093E280B9C3AE7966C3AEC5BEC3AD1DC39D5B650206C3B52CC2BEC29029C380707F18C3B07CC28FC3A5C398C3806D3FC2901AC39D02C387C38108C3A15AC39CC3B66BC2AF7B725839C388C2B108E2809EC385C2BAC38418C395010A726AC3B0E280A66DC5A03CC2AC5F33C5A1C39754C3AF643B183B65C3ABC2AB6FC2A86E7127C2BDE284A2C38DC3A75BC3BBC3993FE280943A194D2FC2ABC3B17E47760D0AC39AC28120C382C2B0C2ACC388C2BA54C3B537C5BD35C3A9335452C3A70421E280A6C39F0D0AC2B9C399C2A2C28D24C2B85DCB9CC28DC3BEC3816D3840C3A6C39CC2A3C3B766236EC3B70AE280A6C3BBC5A0C3B4C3AEC39AC28DC2AE22C2ABC3A934C3BF053BC385054837C3B27EE2809EE2809DC2BCC2B6C3915EC2B45B487AC382C39B06C397C2B658E2809AC39AC281C3B20434C3ADC396C3B50D0A2A0D0A773D41540EE2809D5A3363C39C2F25441BC2AFC29D65C3B3153A4D49C38DE280A2C38A08C2A6C2B261C3B6C2BD00C3A72817C38E6B08014E37E2809A450261C387C39175285500E2809AC2A0C2ADC2AA54447313C3AF453515C391C2A041C2B0C3AB063B13C5B8C3A02C52C2A3C3AB29C2A9C2BF2723E2809AC2A079C2B1C2A4C5B85DC3B706E282ACC398C391E284A267361B3203E280A2C39A531CC39BC2B2E280B96800E280A074E2809E6C66C2AD68C3A5C2BD32C281C387E280A6C290C2B474C3965EC3AE08C2B3C3BFC385C2A4C3AB6A4B626AC3A8344CC2BCE2809929C3A3C2A5C3BAE280A0472AE280B04B16C39DC5A1C2A4031C197D0D0AC5A1C2A875C2AE4DC39A3426E28098C5A0C2BA626B3B67C3900F48382719C2A1C2B14749C3962A0D6EC3ADE280B02ACB9CC2B6652DC281C2BEC38BC3B34DC38F3008C2AE13C38DE280935EC3ACC2ADC3B8C38921E2809C3E5263E280A0C2B5C3A0C3A8C391C5BD47C3A6280D0AC2BBE28098E280980AC388C3806D3F2B60C2BF48E280982020C38D2130C38DC2BBC29DC3BD107964C38FE280A2C3AA1DC3886431C3873CC3861C2BC3A1043035341B65293878E280A1C2BDC2BEC2A6C281C2A3636F4EE280BAC2A073C3B470C39323034AC3B2073949E28099383D7CC3B82420C383C38D05244B3932C3B4796DC386C2B955E282AC3BC38A4B11C3B4C2A60D0AC2B7C692C2B5C39CE282ACCB9C49C39C0432C3BF20C2BE7FC2AEC3B7247FC39CC2A836C2A53B00C28F6B7EC3A1317BC3B2E280B95AC3B425C3B9C3B77A5FC395C2AA5F03C2B5C3ACE2809869036D00C3A25D546845C2BE0DC2BB61C2A91537E280A12648E280B0E28094C3AA6364C2A0126F76C2BB72C395C385C3AF6045E2809469C38338042068C39CC2BDC3A6C39D57C2BC55C5A140C3863D75C2B303C5A0753AC385C2AC1DC2BE4D01C2A36D512DC3AB67C38E3BC2A12D7D44C3A5E28094C2B351C3AE721FC2A2C2B02DC2AAC2BCC3B658C2A260C389E2809AE28098C382C2B459C3A6162C46C388407B7F2431C5921C19C2A06CC3B2C396C384695567E28093CB86C3BBC2A2C2BEC2ACC3A9C383C3AAC2ACC2B2C3B6C38A69C3890432456770C281C39D08E280B06BE28099C3994263C2AAC2A6C3A007C2B8E284A2C385E280992B1F3B6CC592C5A0C2B4C39FC3B0C3AD35C3AF1FC2AFC29D5BC28F0D0A2A79C2B7C2903368C388E2809D7864701931C5B8C3B540666EC29D4FC3B34BC39A3FC28DC2AD58C39D20E280937CC3A5C382C3ABC2A1E284A24026C3AAC3AC17C38D0E546A3C2672206D4D6CC2AC7EC398C3B75AC2BC62C3ACC2AD75C5BDC2B52175C38840430D0AC2B2721D50C2A1494564C5933D173FC38AC290C2817B2EC3A2C38A56C2ACE280BA26C39EE280B93AC3A6C384C3A8C3AFC39AC3ADE2809D4C20C3935B7FE280931D1C08C388C28F456669507DC386C3AB7BC3971AC3ADCB9C6A106440281DC2B3C2B333C2ABC2A17967C38143E280BAC2B0C3B7C388C3803B376F3932C382C2ACE284A2C3A96BC2BD133B12C3A40D0AC2A3E2809325C6926602E284A24E64C3AAC290E280B07CC393660762C2B0C3841853C3ABC384C3A91E76E280982BC39C2E7B643AC2B352C399C2A4C2BF58561A66C3884073C3B8C2A4C2A0C2B36EC3AD55E280A1C592C2A8E2809D3264C3A05EC3A8E280A0C2B95AC2BC68C2BA24C39DC2A0C3936826257CE280A04CC3B40019455808C38DC38FC2BCC2A83AE280BAC2BBC392C3A6E2809CC3AD3AC3A0C3A962C2A1C2A053C5BD2B1368C3BD1EC28D34C2AAC393C2A671C385C3B2E280A2C3B405420EE284A2C281C3A4C389C29071C384C2B4C5BD05C3A6C38EC2A2C28F65C3B471C2A07B60C2A2C3B510E284A25DC3AFE284A27864E282ACC385C2BDE2809C1DC2B7C2B15DC2A7E280A1580819C39A21C393C38EC39BC5BEC2BA64E284A26E0A355FC39AC3866DC38014E280B967C592312B57C39A57C3A2C3B6C388C2B431C3903432E280B0C2A8C3B6C38C4C36C3881CC3A81249C593E280B01F3CE280B067C39CC39EC3800D0AC388C2A07BC3B7C5A076E280B9E280A1E282ACC2B414C3973E2C29CB9CE280A2C39739C3ADC3ABC3A5C2B020C3A5C3AC5DC3865518580D0A7CE280983043C2BD6463141832C5BD68C28D64C388C2A041C3BDC3A2C28DC592C290C394C388C2ACE280B03541E28099C3BAC2B4C2BB7B120347C2A11CE284A25E44C2BDC39538C2BF69C397C2A104C28DC2A7C2A6C3BA0A625E36C3AE7C0008506254C29DC3AE5064C2A47551C2A61E51C28FC5922EC2BE214346E280942353C38BC5924A331069C2A9C3B1C3B804E284A20D0AE280940D0AC3B0C388246C2A57C3BDC381E280A0C38BC2BD41061FC2A86BC69225C39FC2AB7B132B7F105947574446E28093C3A2320D0A71C3A8C3B3C2A6527CC3A303C388C39432C3830EC398C3A17F24C692C2ADC2A7E28098C391C3B6C28FC290C2A1C5B8C393580E0D0A2CC2ABE280A02FC59353C2B7C28D5EC385191C422C6820401BC5B84726E280986D19516670C39E2133C3A8C3B6C2A33243C2B346C3B4202064C2B215C3AF68786DC2A2C5A179E2809C0303C2B0C39FC2AA11C38EC3A9C2B66F32C2AAC28DC29DC28D5048C3BF11C3B1324C6664C3896A39E280991967C2A0071FE2809DE284A2C38BE2809EC38CC290C3BAC38C43642A2EC281E28094C3890D0AC5B8E280A1C3B3C3802857C39212475BC2BA053FC3AE5BE280B92EC2A5C38DC2A5C3AE304E5FC2B82AE2809EE2809E1B3A58E2809C66CB9C3D48C5B844C386C3A12CC3B0713CE28093C3BA3629332E5FE2809D13E28098C2A1C2B552C3A9C39E250873C5A16D39E280B9C2B2C3BDC38BC2B932C5BEC5A06C5D3AC29D016F5354C5A0C38C38C3B6C2AAC2B9C2A1E280987552C3B4C3880D0A0D0AC3B507E28098C2A1C3AC43494933C2A502C3BA00E284A2C394C3A6C3A72B68536B21C39DC2BB0D0A190072C28D2A11C396CB863A4A0D2AE284A24B715951730D0A14C2B5C28F6756C3A35769C3B4C2A1382F5FC2814CC2A3C39FC394C3B30EC2B3C2A6E280A0323AC3B507C38854C3BC1134011922C3ADC2BCC281C3AE08C3AAC397E28094C2B34EE280BAC2A45C5DC3B62138672A0D0A30C3A2C3B2C2A671C3B1C3A7C384C3B9C2A3C2AFE2809819C5B8C38501C3ABC391606CC38D1F2063C3B01317C290C2816DC2B16550022702C2B329C3AA7CC59206596604C389C39FC3A9C2ADC3BEC5A00020E280945CC39E540EC38164C2A17CE280BAC3B27FC28DC38CC2A834C2A6C3A8C3AB00C5923276E280A240C5BDC5922B16C2B8E280A6C3ACC2A0495EC2B8123123C2BC5A6BC3B54459C3A0C3ABE2809804597FC2B23749C38FC2A7C3B3C388286060163BC3B9E2809EE280B92F41C2A6E28098E284A2C3AE28191EC39841C2B7E2809C20203932C3B9636414C2A571C2ABC3AA5138C3B1202010C39EC3B94DE280A2C2A12F07C2B5C39301161FC29DC2B86BC38BC2BACB866BC2A41173072B1E195D704F2CC39DC2A9536DC3B74BC29069C3A308C28DE280A6C3B8C2BAC2B00E4D4172121951224464C3A05BC3B33162E280A2C2B6C2A642C2ACE280A1C3B71A01C3ADC2AE77C39FC3A564C2AB0AC2BDC3B12514330100E280A1C38249C3B30531773013C2AAC29DC5BDC399C2BF536CC3A81A00C382C3AA17C389C38CC38B2BC3AB16C39D3A2BC2AC5EC38BC5BE20202932C2A918C2AC0D0AC3AA336D22C3A412700142C2ABC3B22D77E280BA5EC6924EC592C3B0C29D05057C3CC2A6C2B5600267C39FC3A74A055114C39E3711C3B128C2ABC3B63CC2B8E280BAC29DC2BB0A3FC38DC399C2BF0A19C2AD0D0A65E280985565C38D4AC2A4C5BE1972122145C3A6C2A00834C3902672E282ACC38A0F70C29D2D1B6FE280A2C3970638E284A2C399C2A75178C3A3E28099C2B3C2B220C3A6E280A249C2A33569C2A85BC39B63C2B4C3B0C3BDC3A848C38BC396C3BCC2AE0AC399C5BEE2809EC380C39AC3AFC39E76C3BB7E1311C390C2BAC38D17695353E280A1C3A9C3AA2430C398C5934EC39B32C38464C39FE2809AC59227C39D391AC3AC5C0D0AC29001611BC2A314C2B75BC3A4C2A7C3A44974C3AAC2A700C3B13D7DC399C2B74CCB8669C5B8C3962D3FC2A0C2B53FC39AC2A6C38E287A64C3A0E2809378C3B266C2AFC5BDC39BC38901C39D0EC3B217C3894C6D2AC2B9C38CC2B01F0D0A58060D7524E2809858514E22C2A3C380C3A67FC28D0DC3AB5E772B002020C39AC38DE2809DC28DC2A84B3DC2B05818C28D1E25C2A16D49C2A6C38B0E72C389C3992EC2A0C2B0C2AEC2BE0D0AE284A226C3A11E0FE2809E0D0A5AC39BC3A74AE280983D79C2B6C3B8C3B61019056FC395486F3217C2B7C3B0C38C15C3966DC2BD213BC592C28DC3ADC2A5C3A1CB9C15C3A00745C2B5E28094C3ACE2809D48C2B22DC2B8C3A37755C3AA4872393AC2B60E571533C3A5C2B4C3B2C3A90D0AC2AD007F52C5A11EC3A1C2B007C388C39C44641A073B1C08073E2DC2B9C3815272E280A6C3B63CC2B8C6923142C2A636353BC39424385A1645C5BE1751C3B2C2B2C2A2C3A5C5B865E280BA201EC3B6C3AC4641222E14E282ACE280B0497AC3A7324AC38F1658060E57C3BDC38AC38949053CC3A4C3BB44C3B5C2B7C3A96CC38B7DC3A6C3A745C3805B75C3864F3DCB86C38537C3A86CC3BDE28094CB8626E280BAC2A741C3ABE280942EC386CB9C42465156705807C3A82863E280BA5CC3B855C3B2C3B4C2BAC28D15CB862068C2A8C3BE1BE28093C38CC390C3B1C2B9C2B67BC28F7504C3A83BC2B62528C2A5C2811AC2A53D0E63C3ABC2A26900E280B043C3B141C3BFE284A223E2809434C3A57B73C38FC281C382CB9CC2A90DC381C2A1C38FC2A5C2A1240D4FE280A1C3977664C388E282ACC3A051C2AACB9C7742C281C3A5C3A7E28093E280B9C383C3B15406C3B12A0EC38AC393C2B9C3AF45C2AC4214C3ABE2809C11E280A1C3A1C38AC39AC39C0657E2809AC392372B36C396C3A305C3B5C2B641C2BCC28FC386C5B8C3B9E2809877C3A3C2A65A7EC39B1B3533C386C39E6C377A69C2902BC39D145B0D0AC2AF7A7567C2AEC2AEC59301E282ACC281274BE280B0C5A0C2BBC3933929C3A36136C3A9167EE28093657EC381C3B730C2ACC38FC2A87E76C2BD66E280993B76C3B503C3A92D7A2DC3ABC3AFC38668E280B94C3638C39F34C38D2BC2BA2C5AC38B0D0A79C5B85DC38D01E28093C3A4C398C3B5C3B8121CC2A6127F16E2809D52791BC381C5A1C2AEC2AD5E13C3B148C3A22769C2AA72C3B53F5061C3994A7C1F4AC2B5C387220D0AC3A916463A3A7143C395290D0A06C38673C2B53FC3B0E2809CC3B74D0D0AC3B041C3A4C3874EC2BAC38EC5924CC592C39AC29DC29DC2A04A5D3A07C3955DC3ACE284A2C380E2809CC2BC7944C382C39917221FC3A1C39A5FC3B46951C28F0D760233C38FC5A062C3A1C2AD37C2BA782258C3AAC3B626685E647CE280A645E284A27A795F1F6A075BE284A2C2A5C393C5B831E2809CC2AF6AC2BA1D410370C3A2C388C3AF66C39469C2B6E2809C24C5BDC692E280A17B7270C3B2E2809DC38DCB9CC3A64526C3ADC38349C398C593C2BFC3850EC3A6C38AC3B6C3B0C3B2C38010C2A4C2A623C39D64C3BB184D1EC38C1AC393C38CC39AC2B4793C43E282AC1F5FC38852E280B973C29D30C3BEE28094C39B2975CB9CC3B7C381C5B861C2A1777CC3A7C2BAC2A1C2A0C5BE1EC593C3AA06281CE280944005C392E280935B4B19C5B80D0A7D2F0DC5BD683CC2A7CB86C2B8C384C3B1C3BEC394C3BF45C399C391C380C2A3C38C2020207BC3B7C5BD4BC39FC385C3812CC3B54FC3AAC395E280A1C3975E0D1A75C382E280BA192F3317C3916EE280A2C3A026C39856483EC592C29DC3B0357BC2A849C692C386C39939C3B8E2809DC391493E7C20C3962F21E2809EC39B797F204075C3BD3AC3980EE280BAC3AC4020C692C3AD7AC3B14E5808C2B9C385C3997A7EC6926940C38231E280BAC3B7E280991F7DC3974F44C2A9C3AE6745C2B558C5BE3E6674C3A67231C2BF03C3B9C2B5C391C281C3AFC3962BC3BD47C3BD40CB9CC5A166E28094C386C3A8C2BC031DC2B8C3B969C2BF4553C3ABC395C39952C38053C2A3C692C5B8E2809E047F2815C38BC29DC2A54CC3AAC395E2809C2B1B7F32C3B9C391C2ABC2811FC69223C5BEC395C3BD61C39418C29D3819C3A5E2809814E284A2C39169C3A7C5B846C385C3850815C389C39E44C3B8C2A75D42C3BE0D0AC3B9C38BC39D2F7D00C38EC3B4C2A9E284A21F447E6406E2809AC391C3813F5EE284A23A52C2B5C3AC356446C2A74EC3A3C3A7C3BF01C2B0C39FC5A1C5A063192B082165C3BFC6921DC393235A2CC38D3773C5BE5F6FC3BA4B3FE282ACC3BE05E284A2C38BC3B2C2B826C3A6C2BA250000000049454E44C2AE4260E2809A, '5', '5.png', NULL, 'image/png', NULL, NULL, 1, NULL),
	(19, _binary 0xE280B0504E470D0A1A0A0000000D49484452000000C3890000007808030000006FC5BD26C3A7000000C3AD504C5445C3BFC3BFC3BF387B2CC382C38D22347927267315C382C396C2BF3278252974192E7620C2B7C38DC2B43B7E2FC5A1C2BAE280A2C2B0C389C2AC48E280A03CC2A6C384C2A1357929C5BDC2B4E280A1C39CC3A7C39AC3A4C3ACC3A2176E005BC29052C3B1C3B6C3B0C397C3A5C394C3BBC3BCC3B2C380C38B0FC393C39B65C39BC3A1E2809931782CC3B5C3B8C3B4C388C39121C3ADC3B2C3ACC2A8C382C2A3C387C397C38574C2A26CE28094C2B326C2B7C3872352E280B0492B752D63E280935BC3BAC3BBC3AA43C2813852C5BD477BC2A375C3A5C3AAC2A874C5B86E66E2809D5FE280A2C2B2E28098E280A0C2AC7FC387C39138C592C2AC26C2A5C2BB25C38EC3975BC3B2C3B4C3924CE280A02B6BE28094296AC29D61E280BAC2B6E28094CB86C2AFC281C592C2ADE280A151CB8648C395C39D76C3ACC3AFC2BA3FC2812BC389C3934259C5BD2AC2ADC3812376C5BE28C3B3C3B5C399C39DC3A4C28D71C5A129C3A5C3A9C2B0C392C39A5FC3ACC3B0C384C38EC3985077C2A0134CCB861CC692C2A864C2B1C38779C39DC3A3C5BDC38D42C394C39C00000A4E4944415478C593C3ADC5A10D7BC5A13A1BC387C38140CB86085211C2AC4EC3A445C29D15C2ABC395766D6D5DC3A7C39AC2ADC39B69C5B8E28094C3B3C3BD3FC38EE2809CC290C3B06E576C3DE2809C731EC3BFC397C2B56B082020C2B97F49C3AE3B774239C3AEC2A0C6920E3AC3A8C2A0C692C3BE1F74C2B26F0376C2A6C38EC393C2BE2DC398E280984EC39B1FC3B66DC3826EC3B4C2B468C39FC3ADC39BE280A0C29DC3A8C2A957C2A97CC3BA27780A01C2A97CC2BDC39CC2B719C3AFC397C38F45E280A6C3A8C38BC2BEC3AD78C2AFC2ACC387E282ACC2A3C392C3BEC2B96F4BC39E27C3ABC2B2C3976624C28FC387C3BB36C3A61DC2B22E1F190726C3A9C3BCC28D5DC3BEC3A96E11C28160E28094C3BFC2BE6F7BC39EC2A8C3A3C3934EE2809903C2ABC3BC24C387582758C387C2A14E4E2E1FC2BFC2B6C39B69C5BD4AC2BBC3A461C3B8C3A4C3A9C3A763C2A7C3B375C281C3B547E280A1C3AAC28F452F4B11C290E2809D3A0D0A3FC3BDC399C2A9C2B4C2A3C39E6F33C3A529E2809AC2A7C2A7C3BBC2B6C3B665C29D604F78C381C3AC4D24C28FC3BBC2B6C3B7251D7FC39802C692C29074C3B66DC3B10D0A3AC2BE2BC38AC3913B2F354971C290C38AC383792FC3B8C3BF79C39F366FC3941620E280A21F0FC3B4C3BFE280A6C2B56FC2AB37C3A9C2B43848C3BFC2BA5262E28099C38B4561C290C3817DC2BFC38C24C385C3A756C3AFC387C3BDE282AC5D7EC39DC2B7C3951B74521CC2A4C39F3D67E28094C2A5C5925DC385E280A1C2A4C39F0DC2BDC2A4C59324E280A6C2BDC2A4C2BFC3A61F22E2809912C2AEC3B1C39F0D0A72C3B4C3BAC3ABC28F6C2DC2A9E2809D33C3AFC3BA5210C3A4E2809AC3BF781DC3BF2C6356C3BFC2A118C389C2B76E37C5A05B4425C39C693D1670C3B8C39EC383C28F6EC3B7C3AAC2A217C39F792EC3A13EC2BE08C389C38555C2B7C2BBC2BE48C39C28C3A5C399C38AC3A9C2AB0332C3B8C2B6C3AE76C3B92448291DC3BE55C28F1FC3B4C3975D3E3DC2B54A7AC5A17AC3BC0AC387C3BD47C5BEC3AFC39EC2A746C2A452C392C2B3C3BAC3A75FC38CC2ABC3B37BC2B94B401E324FC38AC3B925C3A8C38B66E28094C3AFC3B51EC2BE5D110EC2BCC5BD0D0A32C38FC38AC2B9C38DC3A2C2B84E0E6530185CC3BC587F2418C39845C3BAC2BDC38CC3A3322EE280B9C281C2BE3FC2B77B58C398C3BEE280A1E280A1E280B9E280B97EC3BFC3BCC39BC3B5154F31C3B8C2AE7CC3BDC2900329C2A7E28094105D7EC3AAC5B863C3B3C2AFC3AFC3AFC2AFC2AEC396CB9CC2A14B2908C3887D3F3BC2B32AC3ADE280997EC39072C3AB0D1CC2BFE2809312C39F4D0030C592C28FC3AB3C47C2A5C2BD28C3A5C39C7205416A4E4DC5BD1BC3810D0A4557C2BEC2BAC3AEC3B7C2B213E280B9E282ACE2809D30C3A3C3A2385B05C3986AC2A9E280A0E280985002C2A2C38B5F5D7F3BC38F0F4730C2B54A39225C3D182060C3A85CC383C397C398C592E28099C3AF7FC593C3B72F06E280A2C3BC7060C5BDC38AC5B8C3A5C3B411C2AE464954C29DC3930D082042C3BFC3BEC397C385605069C2B73762C2B4C39BC29D52C38E2C222520C281784C5A4836C3BEC3B3C39FC2BBC387C393C387C2BBC2BBC2BBC38EC2A7C3A7C2AFE280B945253EC2AFC3870D0AC38EC3A2C2B9735AC392C3B12032E280A1C3983D34C3A4C3A0C391E284A257E2809C76C5BEC5935C3E7D393DC3BD10C3AAC3B4C3A753E280B031CB865A23C2A1C2B9C2AEE284A2C5932DE28093C3B1206E2BE284A2C2B66DC3BFC3AD210E3AC3A81F2BC2BB55C3B37CC39FC3B76E45C39DC592C3AFC5A04BC3BFC2B6452F2D5DC3B1C3BCC3B5C39A5FC396C3B4C2B427C2BB5E58C38674C28F7CC3BFC2B611E2809DC2AE2EC395C5A11D17C390592BC3AEC391C392C3B7E2809447C3950DC391C3806AC394466AC2B329C3B8472EC2B3C2A031C3B10D67C38BC2B0C2A1C397C3BC26E2809A00C3A0C3A5584023C2A7C385C2AA3B080124E280B9C28139732041C2A069C2A4C38452C2B1C3A3C2AA0AC38465202E63E280B0E280A0E282AC0040CB86C2A0C39404082423E282AC72C5A1C3B85275E280B065355520C2ADC3A057C388C2B556C39A0253C3B4042020C290C38C0620C381C2A812035A43200061C2B515CB866248204E5771C2BB2BC3923067C38BC3A42E54C2B1E280A2C5BDC592C2B4C2A800445331C3AAC692715066C388C3A97344C3935EC3A461E280BA03E280BAC3901C1BC394C3BA4C0A20C59317C3A356C2A27700C3A42B490D0A5A53C29048C5A1215AC3A141C59348C3A4C2BAC3A96E015207E284A2C3945B43C3A33A4752C3B3C3A05753C2B756504B1540C3A3C3900E5A46C3A35B5E584453C383C2BC4BC383791757E280A25932594DC2B702E282AC135BC3A0C5BD51C2AA010DC5BD74C38E0F7A57C2AA6F3122C3915BC3A2C2B7010D77E280A6484904712EC3B01901C2A1C3862A4BC3B4E280A02745567C4E66C290C592441BC39DC38AC3A9C38EC3A035C2B91A5A2042C38067E2809E54C29D66C3915BC290C3A833C39A574042C2B224453DC3AB44247042C3B71800C3827868423B42E28099C3981469C2BEC281E2809E1F6741C3B07B672C0EC2B86A345A1AC38EE280BA69236839C39CE28093C2A44A5F0347C5A0C3ABC2BAC38E04C2B2C3895CC28D48C3B8C2A000E280997CC38FC3B354213419C5921B49E28099C3883CC381C39737E28098C2B0E280A13836C385C38E026967CB9CC2A37037C2A62020C3AAC2B4565BC38A4111402B1627C2B1C3A6CB86763C0D7D38C398C2AA02E2809EC392C398C5A049021B6E1BC2A665E284A2C2A6C2A80AC38C12C3A2C39919122835695CC39B480205C2AF6AC39B0D470D59C3A032CB86E2809835C3B60A4D5245C39C0667C3AA5514C3AF34E280B9E2809CC39806C3A9654D4EC2AC22C5A037E280BAE2809CC5B83120C39969E2809E72C3827922E280B069120D18611CC39844E2809A660DC3B6C2B43E66032B116AC2BBC389C2AAC3B3C2B5C398E2809E390847C2AE38E280B01E6CC2B9C2B5C3B1E280A047112020E280B0C2A1C2B1C2AAC2ACC383C3A02445C2A2C381E280BAC2A8C3940612C3A8C3876B5CC28DE284A229C2B8C3A4077B1D4AC38432C38E3A7A2B2020C38FC2B7C3B2C28F4212603452C3B7C39974C390E280A0C2AD24E280B0C290C2B0244FC2A2C3896EC3BCC398344064C2A5C385C2AEC3A964C28DE280B94CC3A1C3962434C39869461E251A13275BE280A6364EC382574422C38D137945C5BE044EE2809C69071B0774E2809EC397C38431C3AD7D414F37C39262C3B3C2AB38E280B0C3A9C2B1202C2CC39D4CC5BDC38348E282ACE28098C2ADC383C3A6173AE280B949C3A028E28098C3816C20E28098C2AAC38917C2B4E2809ECB86C384C391C2A2C38BC2B4CB9C5D5B446125C592135018396EC2B26744C3A1E280A6461A34C394E2809C7817C2AD27C2A9C3A423C2BF3226271756337AC3B319C3ABE280A2C3B4732EC38A30C2B6206918C391C2BA0424797416C2A554C3B11AC5B8C2AD62C393C3BE2229052301466A72C3A449C394C3B4C3A4C28D49C3A82200C394C2B42B6259C392C2B624C593CB86C3A2051AC2AFC2B1C3A351C398C2BDC592C2A4E284A24FC2AC57C2B4C3B9CB9C24CB8663C2BF20C38906C28DCB86E2809E79367955E2809344C39D76C28D27C3B95B3241C394C2A010C3A4C3A03149C2BEC38659C5BDC2A4E280937AC2BE131263C3AB0D0A123BC3A04446C3891C0EC38AC38EE280932420C3A5C390C3BB23C381C2BBC2BD39C38E5112C3A32229201233573E37C2BBC2B4C2B41B1427C2B15F26C3993A1766C3B56CC2BC6913C2A2E28098203CC3B065C28FC28FE280BAC2A7241AC5B836C2A4382020C3AB142DC3AFC3B1C39CC396C2B12B21716EC3886C64C390C3AA1751C2B845C2BBE280B9C3AC2043E280994C1650C593E2809E45C3A120714949C3993E7625652B533A2C706A472BC3A3303BC2BDC39812E2809E6EC2B8C3B7E2809C2874C3A544C3A9C3A0C38745C39FC290C39E4AE2809A59C3A6206C3AC38A56E2809D741173CB9CC38D56C39E4112662B2833C2BDC39C305F7E33205E29413010C2AD38C6921C6EC38C20C692C39BC3AF26C3A1C398C3820D0AE28094C2A902C3B66CC3AB0D0AC392C3B5542FC3950A7D073062121EC2A6C3BC51611B0A34C3A77641C2A2C2B0565032C387C2B42751665AE2809D44C387C3B10AC28DC29D443BC3B458E280A16CC2B2133B2D3F3C02C3A36C273CC2B840C2ADC29DC2905832087B262AC393C5A145E280BAE280A6C3822447C384793564C39CE2809E0D0AE2809A4E5DC5BE747872C3B7C2ABC2AE44E28099C3AC367044081B0EC2A6C383C3BB49C2A241C3A1E28098C3A1C290C3A347C39D3D53C39FC2B0C3BBC3B5681D08C395C3995C115BC395C39BC38FC3945050C28F49E2809AC3B301383666C2B3C399C2900FC3974F20C3A93B2231C2BDC3906E0055C39CC388C290264FC3A11EC2BB2849C394211A40E280992048C3ACC3AC0D0AE280993D2023C391C2A84F6AC2A95322C380C392C3B41DC29024C2B371C392CB8646C2B70D0AC386C2B63BC2AD69C3BEC394C592642B624C22E280B01EC38A160063E2809368C3ADE2809AE2809E6B19C2B906C29051652B636620207859E28093C3A2C2A3C3ACC2A1C5A1E280A0E2809919C2A4C390C392C2A7E284A2E28093C3A03AC38C18C39969C2AAE2809336C2B4C5BE3F4D4D17C388640F0D23736C26C38D1A75E280B0C2B55EE2809D0447C2A3234160434A075862C3A7E280B91120671E35C3A3C2A1C38369C2BF1FC2BD5E5F07E280984E4EC2BF520D0A3A07792639600D0A4EC2B86776C2AAC38032C3A8C5A1C3B8C3B45AC5B8C3A3181AC5A100C2A030C2B1397652C2B12113C3BFE280A2E2809DC3A95026C3A7CB9CC3B81F180FC3AB2CC3A2C386247802782A2F0505C2B4C3B12CE284A25256C38708C2A1C2B1E280BA79C3A12D40481A06C2BC351E41C389C38F14C2B00DC3925CC3B210C2A33119C38AC39402C3B9C3B30D0AE280941659C3A4C3891D22C2BCC2A646C395C2B9E284A24F26E2809C3347C5927A2F49E2809A59E2809D33C3BC7CC2B2723246C2B9C2ABC389597E065457C39330C2B0C3A3C38B7C01C3BD663251583E6736E2809AC2A9C2A7576F56E2809CC389C3BC4C21E280A6C3B530C3AD72C2B235E280B9C38832C38DC39446374D42C5A1C384C39A506FC393C2BDC394C39DC28D05C2ACC2B02D77621867C28DC2B0057A5767272BC5A1C593C38FC3B6C39FC2A01CC3895F231941003FC38FE2809CC2AD28C38330C3ABC5A1C3AFC3A4C2A3C3BEC3AF21C2A9C393C3A8E280A1046159C2AFC39AC2B6C39D506EC3A5C3B0131BC3B077C393C3B6C3AF21E280B0C38F6321E28099C5A1C3A4C2B344C3A2C38B54C3B5C3B5C3BA45C3B47B48C3B426C3BFE2809A34C2A1C3B67AC3B542C3BA4D7EC3A23425C2B8E280B00320206FC5A05BE280BAC2A433E28099C38DC2B16977326BE280A0C59232C39F6401E28099C2A73B205BC2812CC3B2195423C39F0DC3BF6AE284A2C38A6A240D0ACB8664C28FC381277F20201AC2ABC39CE280B0C38E7BC2A4C38FC2A5C2A6C2BCC2B25F2FC2B803355CC2BCE2809A2E552CC383E280BA3BC3AEC3AEC386C692C38AC3BAC2AD7FC2A56559C3A4C2AFC3826CC3933AC3BC61C39841071D74C39041071D74C39041071DC3B4C2B7C391C3BF0017C2B9C3AA0A48C3A0C2B3700000000049454E44C2AE4260E2809A, 'description', '4.png', NULL, 'image/png', NULL, NULL, NULL, 1);
/*!40000 ALTER TABLE `file` ENABLE KEYS */;


-- Dumping structure for table fabricetas.role
CREATE TABLE IF NOT EXISTS `role` (
  `ROLE_ID` int(11) NOT NULL AUTO_INCREMENT,
  `NAME` varchar(45) DEFAULT NULL,
  PRIMARY KEY (`ROLE_ID`)
) ENGINE=InnoDB AUTO_INCREMENT=4 DEFAULT CHARSET=utf8;

-- Dumping data for table fabricetas.role: ~3 rows (approximately)
/*!40000 ALTER TABLE `role` DISABLE KEYS */;
INSERT INTO `role` (`ROLE_ID`, `NAME`) VALUES
	(1, 'Administrador'),
	(2, 'Cliente'),
	(3, 'Artista');
/*!40000 ALTER TABLE `role` ENABLE KEYS */;


-- Dumping structure for table fabricetas.r_user_role
CREATE TABLE IF NOT EXISTS `r_user_role` (
  `R_USER_ID` int(11) NOT NULL,
  `R_ROLE_ID` int(11) NOT NULL,
  KEY `R_USER_ID_IDX` (`R_USER_ID`),
  KEY `R_ROLE_ID_IDX` (`R_ROLE_ID`),
  CONSTRAINT `R_ROLE_ID` FOREIGN KEY (`R_ROLE_ID`) REFERENCES `role` (`ROLE_ID`) ON DELETE NO ACTION ON UPDATE NO ACTION,
  CONSTRAINT `R_USER_ID` FOREIGN KEY (`R_USER_ID`) REFERENCES `user` (`USER_ID`) ON DELETE NO ACTION ON UPDATE NO ACTION
) ENGINE=InnoDB DEFAULT CHARSET=utf8;

-- Dumping data for table fabricetas.r_user_role: ~1 rows (approximately)
/*!40000 ALTER TABLE `r_user_role` DISABLE KEYS */;
INSERT INTO `r_user_role` (`R_USER_ID`, `R_ROLE_ID`) VALUES
	(2, 3);
/*!40000 ALTER TABLE `r_user_role` ENABLE KEYS */;


-- Dumping structure for table fabricetas.tema
CREATE TABLE IF NOT EXISTS `tema` (
  `TEMA_ID` int(11) NOT NULL AUTO_INCREMENT,
  `NOMBRE` varchar(45) DEFAULT NULL,
  `DESCRIPCION` varchar(45) DEFAULT NULL,
  `URL_TEMA` longblob,
  `USER_ID` int(11) DEFAULT NULL,
  PRIMARY KEY (`TEMA_ID`),
  KEY `TEMA_USER_ID_FK_IDX` (`USER_ID`),
  CONSTRAINT `TEMA_USER_ID_FK` FOREIGN KEY (`USER_ID`) REFERENCES `user` (`USER_ID`) ON DELETE NO ACTION ON UPDATE NO ACTION
) ENGINE=InnoDB AUTO_INCREMENT=4 DEFAULT CHARSET=utf8;

-- Dumping data for table fabricetas.tema: ~3 rows (approximately)
/*!40000 ALTER TABLE `tema` DISABLE KEYS */;
INSERT INTO `tema` (`TEMA_ID`, `NOMBRE`, `DESCRIPCION`, `URL_TEMA`, `USER_ID`) VALUES
	(1, 'Religion', 'Acerca de la Religion', _binary 0x68747470733A2F2F6A6F6C6C796A6F6B65722E636F2F74736869727465636F6D6D657263652F75706C6F616465642F636C6970617274732F3532302F7072696E742F64672D64657369676E65722D66323238626461363134373839323630313533343130313238333731303236343131382E737667, NULL),
	(2, 'Musica', 'Acerca de la musica', _binary 0x68747470733A2F2F6A6F6C6C796A6F6B65722E636F2F74736869727465636F6D6D657263652F75706C6F616465642F636C6970617274732F3532392F7072696E742F64672D64657369676E65722D32653734633263663134373839323836303233363537383239393031303736373536352E73766720, NULL),
	(3, 'Sentimientos', 'Acerca de los sentimientos', _binary 0x68747470733A2F2F6A6F6C6C796A6F6B65722E636F2F74736869727465636F6D6D657263652F75706C6F616465642F636C6970617274732F3531382F7072696E742F64672D64657369676E65722D37303730663930383134373839323533333738363536333534393531303334333435302E737667, NULL);
/*!40000 ALTER TABLE `tema` ENABLE KEYS */;


-- Dumping structure for table fabricetas.texto
CREATE TABLE IF NOT EXISTS `texto` (
  `TEXTO_ID` int(11) NOT NULL AUTO_INCREMENT,
  `COLOR` varchar(45) DEFAULT NULL,
  `TITULO` varchar(45) DEFAULT NULL,
  PRIMARY KEY (`TEXTO_ID`)
) ENGINE=InnoDB AUTO_INCREMENT=5 DEFAULT CHARSET=utf8;

-- Dumping data for table fabricetas.texto: ~4 rows (approximately)
/*!40000 ALTER TABLE `texto` DISABLE KEYS */;
INSERT INTO `texto` (`TEXTO_ID`, `COLOR`, `TITULO`) VALUES
	(1, 'Rojo', 'Corazon'),
	(2, 'Azul', 'Cielo'),
	(3, 'Verde', 'Naturalez'),
	(4, 'Amarillo', 'Felicidad');
/*!40000 ALTER TABLE `texto` ENABLE KEYS */;


-- Dumping structure for table fabricetas.user
CREATE TABLE IF NOT EXISTS `user` (
  `USER_ID` int(11) NOT NULL AUTO_INCREMENT,
  `NAME` varchar(45) DEFAULT NULL,
  `PASSWORD` varchar(45) DEFAULT NULL,
  `IDENTIFICATION_TYPE` varchar(45) DEFAULT NULL,
  `IDENTIFICATION_NUMBER` varchar(45) DEFAULT NULL,
  `TIPO` varchar(45) DEFAULT NULL,
  `SSO_ID` varchar(45) DEFAULT NULL,
  `FIRST_NAME` varchar(45) DEFAULT NULL,
  `LAST_NAME` varchar(45) DEFAULT NULL,
  `EMAIL` varchar(45) DEFAULT NULL,
  PRIMARY KEY (`USER_ID`)
) ENGINE=InnoDB AUTO_INCREMENT=17 DEFAULT CHARSET=utf8;

-- Dumping data for table fabricetas.user: ~9 rows (approximately)
/*!40000 ALTER TABLE `user` DISABLE KEYS */;
INSERT INTO `user` (`USER_ID`, `NAME`, `PASSWORD`, `IDENTIFICATION_TYPE`, `IDENTIFICATION_NUMBER`, `TIPO`, `SSO_ID`, `FIRST_NAME`, `LAST_NAME`, `EMAIL`) VALUES
	(1, 'Mariana', 'marian', 'CC', '17985632', 'Cliente', NULL, NULL, NULL, NULL),
	(2, 'Carlos', NULL, 'CC', '13256987', 'Cliente', NULL, NULL, NULL, NULL),
	(3, 'Paola', 'pao', 'CC', '12547853', 'Artista', NULL, NULL, NULL, NULL),
	(5, 'Jose', 'jose', 'CC', '135478961', 'Administrador', NULL, NULL, NULL, NULL),
	(8, NULL, NULL, NULL, NULL, NULL, '10', 'Belman', 'Santos', 'belmanese@gmail.com'),
	(12, NULL, NULL, NULL, NULL, NULL, NULL, 'Juan', 'Perez', 'asdfa@gmail.com'),
	(14, NULL, NULL, NULL, NULL, NULL, NULL, NULL, NULL, NULL),
	(15, NULL, NULL, NULL, NULL, NULL, NULL, NULL, NULL, NULL),
	(16, NULL, NULL, NULL, NULL, NULL, NULL, NULL, NULL, NULL);
/*!40000 ALTER TABLE `user` ENABLE KEYS */;
/*!40014 SET FOREIGN_KEY_CHECKS=1 */;
/*!40101 SET CHARACTER_SET_CLIENT=@OLD_CHARACTER_SET_CLIENT */;
